Exchange Date,Close,Net,%Chg,Open,Low,High,Volume,Bid,Ask
45707,76.04,0.2,0.002637131,75.85,75.8,76.84,270918,76.04,76.13
45706,75.84,0.62,0.008242489,75.27,74.9,76.07,320980,75.76,75.8
45705,75.22,0.48,0.006422264,74.67,74.19,75.38,209468,75.32,75.38
45702,74.74,-0.28,-0.003732338,75,74.53,75.85,302061,74.61,74.65
45701,75.02,-0.16,-0.002128226,74.97,74.06,75.37,331423,75.27,75.33
45700,75.18,-1.82,-0.023636364,76.82,74.92,76.91,371408,74.94,74.96
45699,77,1.13,0.014893897,75.94,75.9,77.29,349471,76.8,76.83
45698,75.87,1.21,0.016206804,74.59,74.51,76.23,271703,76.09,76.13
45695,74.66,0.37,0.004980482,74.31,74.26,75.12,290575,74.69,74.78
45694,74.29,-0.32,-0.004288969,74.71,74.1,75.4,378113,74.27,74.29
45693,74.61,-1.59,-0.020866142,76.21,74.56,76.34,343530,74.67,74.74
45692,76.2,0.24,0.003159558,75.4,74.15,76.66,576119,76.03,76.12
45691,75.96,-0.8,-0.010422095,76.79,75.04,77.34,548326,75.46,75.5
45688,76.76,-0.11,-0.001430987,77.25,76.48,77.51,17825,76.75,76.77
45687,76.87,0.29,0.00378689,76.77,76,77.63,84786,77.04,77.1
45686,76.58,-0.91,-0.011743451,77.62,76.31,77.7,104849,76.89,76.92
45685,77.49,0.41,0.005319149,77.01,76.85,78.18,215557,77.58,77.64
45684,77.08,-1.42,-0.018089172,78.34,76.3,79,247123,77.07,77.11
45681,78.5,0.21,0.002682335,77.86,77.6,78.99,246784,78.36,78.47
45680,78.29,-0.71,-0.008987342,78.85,77.8,79.6,348163,77.88,77.9
45679,79,-0.29,-0.00365746,79.39,78.81,79.9,315478,78.97,79
45678,79.29,-0.86,-0.010729881,79.78,78.45,80.46,390293,79.36,79.5
45677,80.15,-0.64,-0.007921772,80.98,79.42,81.23,285721,79.8,79.85
45674,80.79,-0.5,-0.006150818,81.44,80.5,81.93,309195,80.62,80.75
45673,81.29,-0.74,-0.00902109,82.42,80.39,82.57,453670,81.29,81.37
45672,82.03,2.11,0.026401401,80.29,79.62,82.63,484576,82.42,82.49
45671,79.92,-1.09,-0.013455129,80.92,79.87,81.15,445379,80.25,80.33
45670,81.01,1.25,0.015672016,79.76,79.76,81.68,610623,80.9,80.98
45667,79.76,2.84,0.036921477,77.26,77.03,80.75,762618,79.66,79.82
45666,76.92,0.76,0.009978992,76.18,75.68,77.27,302920,77.16,77.2
45665,76.16,-0.89,-0.011550941,77.3,76.04,77.89,442514,76.17,76.22
45664,77.05,0.75,0.00982962,76.18,75.91,77.3,368628,77.25,77.28
45663,76.3,-0.21,-0.002744739,76.58,75.94,77.5,372574,76.26,76.29
45660,76.51,0.58,0.007638615,75.98,75.53,76.73,314609,76.64,76.7
45659,75.93,1.29,0.017282958,74.93,74.72,76.55,365430,75.91,75.94
45657,74.64,0.25,0.003360667,74.25,73.84,74.89,190978,74.83,74.84
45656,74.39,0.22,0.002966159,73.81,73.8,74.63,23415,74.36,74.39
45653,74.17,0.91,0.012421512,73.16,73.05,74.29,82603,73.8,74.09
45652,73.26,-0.32,-0.004349008,73.77,72.99,74.17,54047,73.27,73.31
45650,73.58,0.95,0.013079994,72.96,72.79,73.81,93488,73.63,73.66
45649,72.63,-0.31,-0.004250069,72.86,71.98,73.38,184073,72.95,72.96
45646,72.94,0.06,0.000823271,72.57,72,73.29,240707,72.97,73
45645,72.88,-0.51,-0.006949176,72.91,72.53,73.86,302552,72.65,72.67
45644,73.39,0.2,0.002732614,73.26,72.8,74.2,285296,72.98,73
45643,73.19,-0.72,-0.009741578,73.91,72.48,74.18,270248,73.31,73.34
45642,73.91,-0.58,-0.00778628,74.6,73.7,74.6,234416,73.87,73.91
45639,74.49,1.08,0.014711892,73.33,73.3,74.59,246401,74.36,74.39
45638,73.41,-0.11,-0.001496192,73.6,72.42,74,324253,73.33,73.41
45637,73.52,1.33,0.018423604,72.15,72.15,73.75,308964,73.62,73.64
45636,72.19,0.05,0.000693097,71.94,71.53,72.72,265902,72,72.13
45635,72.14,1.02,0.014341957,70.92,70.92,72.65,231212,71.9,71.93
45632,71.12,-0.97,-0.013455403,72.12,70.85,72.19,290064,71.04,71.05
45631,72.09,-0.22,-0.003042456,72.52,71.8,72.92,318757,72.17,72.21
45630,72.31,-1.31,-0.017794078,73.62,72.25,74.28,340349,72.49,72.51
45629,73.62,1.79,0.02491995,71.93,71.68,73.93,365424,73.67,73.68
45628,71.83,-1.11,-0.015217987,72,71.52,72.89,289485,71.91,71.95
45625,72.94,-0.34,-0.004639738,73.11,72.56,73.47,23330,72.94,72.95
45624,73.28,0.45,0.006178772,72.87,72.38,73.49,49822,73.14,73.17
45623,72.83,0.02,0.000274688,72.88,72.27,73.37,106533,72.91,72.97
45622,72.81,-0.2,-0.002739351,72.85,72.09,74.36,200697,72.9,72.98
45621,73.01,-2.16,-0.028734868,75.38,72.84,75.38,282155,73.1,73.12
45618,75.17,0.94,0.012663344,74.29,73.43,75.41,298303,75.18,75.28
45617,74.23,1.42,0.019502816,73.1,72.91,74.4,307868,74.33,74.37
45616,72.81,-0.5,-0.006820352,73.38,72.7,73.94,260505,73.07,73.1
45615,73.31,0.01,0.000136426,73.15,72.61,73.87,354131,73.3,73.32
45614,73.3,2.26,0.031813063,70.8,70.7,73.47,333852,73.12,73.14
45611,71.04,-1.52,-0.020948181,72.28,70.83,72.49,307470,71.02,71.05
45610,72.56,0.28,0.003873824,72.12,71.79,73.22,264408,72.35,72.41
45609,72.28,0.39,0.005424955,71.78,70.72,72.63,388334,72.01,72.03
45608,71.89,0.06,0.000835306,71.97,71.55,72.82,317337,71.72,71.79
45607,71.83,-2.04,-0.027616082,73.85,71.57,74.13,366901,71.89,71.91
45604,73.87,-1.76,-0.023271189,75.55,73.44,75.61,324163,73.87,73.93
45603,75.63,0.71,0.009476775,74.99,74.02,76.08,397043,75.55,75.58
45602,74.92,-0.61,-0.008076261,75.3,73.34,75.98,467562,75.16,75.17
45601,75.53,0.45,0.005993607,75,74.9,76.24,296478,75.41,75.55
45600,75.08,1.98,0.027086183,74,73.88,75.4,299385,75.19,75.21
45597,73.1,-0.06,-0.00082012,74.11,72.89,74.94,336957,72.94,72.95
45596,73.16,0.61,0.008407994,72.85,72.2,73.38,14265,73.14,73.16
45595,72.55,1.43,0.020106862,71.39,71.08,73.12,90921,72.98,73.07
45594,71.12,-0.3,-0.004200504,72,70.72,72.6,108885,71.39,71.42
45593,71.42,-4.63,-0.060880999,72.77,71.18,73.28,317177,72.05,72.09
45590,76.05,1.67,0.022452272,74.66,74.17,76.14,209780,75.89,75.9
45589,74.38,-0.58,-0.00773746,75.35,74,76.54,272667,74.52,74.54
45588,74.96,-1.08,-0.014203051,75.73,74.42,76.05,288437,75.17,75.24
45587,76.04,1.75,0.023556333,74.23,73.57,76.32,353150,75.55,75.64
45586,74.29,1.23,0.016835478,73.11,72.8,74.57,279248,74.07,74.1
45583,73.06,-1.39,-0.018670248,74.59,72.5,74.95,320777,73.17,73.21
45582,74.45,0.23,0.003098895,74.47,73.26,74.92,298428,74.43,74.46
45581,74.22,-0.03,-0.00040404,74.71,73.42,74.93,323371,74.44,74.49
45580,74.25,-3.21,-0.041440744,75.22,73.34,75.57,491233,74.64,74.71
45579,77.46,-1.58,-0.019989879,78.55,74.86,78.55,343072,75.01,75.19
45576,79.04,-0.36,-0.004534005,79.14,78.04,79.5,365343,78.76,79.08
45575,79.4,2.82,0.036824236,76.76,76.72,79.72,400887,79.23,79.29
45574,76.58,-0.6,-0.007774035,77.49,75.15,78.02,497001,76.76,76.8
45573,77.18,-3.75,-0.04633634,80.96,76.36,81.14,646380,77.44,77.5
45572,80.93,2.88,0.036899423,78.07,77.23,81.16,496795,81.11,81.14
45569,78.05,0.43,0.005539809,77.79,77.39,79.3,562047,78.05,78.33
45568,77.62,3.72,0.050338295,74.59,74.31,77.99,643308,77.88,77.92
45567,73.9,0.34,0.004622077,74.47,73.59,76.14,541739,74.65,74.67
45566,73.56,1.79,0.024940783,71.85,69.91,75.45,869146,74.44,74.47
45565,71.77,-0.21,-0.002917477,72.5,71.26,73.17,19517,71.76,71.81
45562,71.98,0.38,0.005307263,71.42,70.91,72.45,99353,72.4,72.45
45561,71.6,-1.86,-0.025319902,73.4,70.72,73.8,162218,71.42,71.45
45560,73.46,-1.71,-0.022748437,75.18,73.06,75.35,283657,73.68,73.71
45559,75.17,1.27,0.017185386,74.13,73.95,75.87,238473,75.11,75.21
45558,73.9,-0.59,-0.007920526,74.71,73.1,75.17,273950,74.3,74.33
45555,74.49,-0.39,-0.005208333,74.77,74,75,221094,74.7,74.73
45554,74.88,1.23,0.016700611,73.13,72.91,75.18,299013,74.89,74.95
45553,73.65,-0.05,-0.000678426,73.69,72.31,74.1,290808,72.79,72.94
45552,73.7,0.95,0.013058419,72.91,72.17,74.28,274588,73.73,73.78
45551,72.75,1.14,0.015919564,72.09,71.52,73.39,232184,72.97,73
45548,71.61,-0.36,-0.005002084,72.3,71.46,73.24,260635,72.09,72.11
45547,71.97,1.36,0.019260728,70.6,70.59,72.87,361866,72.21,72.26
45546,70.61,1.42,0.020523197,69.68,69,71.09,354353,70.69,70.75
45545,69.19,-2.65,-0.036887528,71.92,68.68,72.28,395714,69.67,69.72
45544,71.84,0.78,0.010976639,71.66,70.65,72.21,314516,71.9,71.91
45541,71.06,-1.63,-0.022423992,72.81,70.61,73.53,374052,71.48,71.79
45540,72.69,-0.01,-0.000137552,72.76,72.37,74.2,394468,72.84,72.87
45539,72.7,-1.05,-0.014237288,73.67,72.35,74.8,523500,72.73,72.77
45538,73.75,-3.77,-0.048632611,77.16,73.51,77.55,568052,73.7,73.72
45537,77.52,-1.28,-0.016243655,76.95,76.21,77.63,181373,77.27,77.29
45534,78.8,-1.14,-0.014260696,79.92,78.57,80.6,17105,78.75,78.82
45533,79.94,1.29,0.01640178,78.52,78.12,80.78,97644,79.89,79.96
45532,78.65,-0.9,-0.011313639,79.87,77.95,80.01,121160,78.47,78.5
45531,79.55,-1.88,-0.023087314,81.26,79.47,81.59,238217,79.82,79.87
45530,81.43,2.41,0.030498608,79.35,79.24,81.58,234375,81.26,81.3
45527,79.02,1.8,0.023310023,77.25,77.03,79.27,216340,78.98,79.09
45526,77.22,1.17,0.015384615,75.96,75.77,77.7,277529,77.11,77.13
45525,76.05,-1.15,-0.014896373,77.13,75.65,78.21,323323,76.07,76.14
45524,77.2,-0.46,-0.005923255,77.66,76.55,78.35,367144,77.13,77.24
45523,77.66,-2.02,-0.025351406,79.6,77.48,79.81,366537,77.73,77.75
45520,79.68,-1.36,-0.016781836,80.86,78.62,81.02,320913,79.58,79.64
45519,81.04,1.28,0.016048144,79.96,79.61,81.43,270927,80.93,80.98
45518,79.76,-0.93,-0.011525592,81,79.6,81.44,359131,79.99,80.04
45517,80.69,-1.61,-0.019562576,81.88,80.55,82.3,356457,80.97,81
45516,82.3,2.64,0.033140849,79.56,79.46,82.4,328381,82.04,82.05
45513,79.66,0.5,0.006316321,79.03,78.77,79.83,213072,,
45512,79.16,0.83,0.010596196,78.55,77.63,79.37,320083,78.94,78.98
45511,78.33,1.85,0.024189331,76.16,75.95,78.87,444744,78.55,78.61
45510,76.48,0.18,0.002359109,77.45,75.58,77.85,393032,76.1,76.15
45509,76.3,-0.51,-0.00663976,77.61,75.05,77.74,557814,77.21,77.3
45506,76.81,-2.71,-0.034079477,79.98,76.42,80.46,501310,77.48,77.56
45505,79.52,-1.2,-0.014866204,81.44,79.43,81.8,364930,79.98,80.05
45504,80.72,2.09,0.026580186,79.02,79.02,80.95,12089,80.72,80.76
45503,78.63,-1.15,-0.01441464,79.64,78.43,79.99,87783,79.14,79.18
45502,79.78,-1.35,-0.016639961,81.3,79.36,81.74,132252,79.83,79.88
45499,81.13,-1.24,-0.015054025,82.4,80.33,82.71,204946,80.55,80.63
45498,82.37,0.66,0.008077347,81.58,80.09,82.53,332159,82.4,82.43
45497,81.71,0.7,0.008640909,81.46,80.93,82.23,298195,81.47,81.59
45496,81.01,-1.39,-0.016868932,82.25,80.51,82.79,384324,81.55,81.58
45495,82.4,-0.23,-0.002783493,82.8,81.6,83.22,341722,82.26,82.28
45492,82.63,-2.48,-0.029138762,84.72,82.56,85.35,362336,82.59,82.62
45491,85.11,0.03,0.000352609,85.23,84.22,85.81,368318,84.81,84.85
45490,85.08,1.35,0.016123253,83.66,83.43,85.2,325399,85.18,85.2
45489,83.73,-1.12,-0.013199764,84.78,83.3,84.86,327853,83.85,83.88
45488,84.85,-0.18,-0.0021169,85.1,84.42,85.37,229269,84.88,84.89
45485,85.03,-0.37,-0.004332553,85.69,84.95,86.35,363928,85.21,85.27
45484,85.4,0.32,0.003761166,85.45,84.64,85.89,336696,85.56,85.6
45483,85.08,0.42,0.004961021,84.92,84,85.66,401561,85.39,85.45
45482,84.66,-1.09,-0.01271137,85.67,84.53,85.85,354292,84.98,85.02
45481,85.75,-0.79,-0.009128727,86.74,85.56,86.92,303583,85.67,85.69
45478,86.54,-0.89,-0.010179572,87.45,86.49,87.95,265302,86.85,86.9
45477,87.43,0.09,0.001030456,87.09,86.51,87.59,179039,87.55,87.56
45476,87.34,1.1,0.012755102,86.44,85.89,87.39,334820,87.07,87.09
45475,86.24,-0.36,-0.004157044,86.71,86.16,87.46,429154,86.58,86.6
45474,86.6,0.19,0.00219882,84.9,84.85,86.88,401364,86.63,86.69
45471,86.41,0.02,0.000231508,86.56,86.24,87.22,20941,86.4,86.43
45470,86.39,1.14,0.013372434,85.01,84.88,86.5,119994,86.49,86.53
45469,85.25,0.24,0.002823197,84.89,84.47,85.81,142864,85.2,85.25
45468,85.01,-1,-0.011626555,86.06,84.74,86.23,197495,84.94,84.96
45467,86.01,0.77,0.009033318,84.99,84.71,86.16,179764,86.04,86.1
45464,85.24,-0.47,-0.005483608,85.66,84.84,86.24,240122,85.02,85.14
45463,85.71,0.64,0.007523216,85.19,84.95,85.96,256456,85.69,85.72
45462,85.07,-0.26,-0.003046994,85.4,84.9,85.84,251826,85.25,85.27
45461,85.33,1.08,0.012818991,84.31,83.67,85.49,402243,85.34,85.35
45460,84.25,1.63,0.019728879,82.61,82.1,84.55,359719,84.39,84.41
45457,82.62,-0.13,-0.001570997,82.05,81.92,83.39,336484,82.59,82.67
45456,82.75,0.15,0.001815981,82.42,81.8,83.05,333998,82.16,82.19
45455,82.6,0.68,0.008300781,82.08,81.96,83.34,333394,82.51,82.53
45454,81.92,0.29,0.003552615,81.97,81.19,82.36,332530,82.14,82.23
45453,81.63,2.01,0.025244913,79.38,79.34,82.17,344710,81.94,81.97
45450,79.62,-0.25,-0.003130086,80.05,79.32,80.38,267067,79.45,79.52
45449,79.87,1.46,0.018620074,78.7,78.38,80.08,344983,79.99,80.01
45448,78.41,0.89,0.011480908,77.29,77.18,78.66,339354,78.62,78.66
45447,77.52,-0.84,-0.010719755,78.14,76.76,78.22,472048,77.13,77.17
45446,78.36,-3.26,-0.039941191,81.15,78.09,81.65,458864,78.15,78.17
45443,81.62,-0.24,-0.002931835,81.74,81.17,82.18,17293,81.58,81.63
45442,81.86,-1.74,-0.020813397,83.51,81.8,83.77,105407,81.92,81.99
45441,83.6,-0.62,-0.007361672,84.61,83.29,85.02,127270,83.52,83.54
45440,84.22,1.12,0.013477738,83,83,84.62,184255,84.57,84.6
45439,83.1,0.98,0.011933755,82.2,82.08,83.2,56705,83.03,83.05
45436,82.12,0.76,0.0093412,81.4,80.65,82.46,180639,82.05,82.09
45435,81.36,-0.54,-0.006593407,81.59,80.93,82.97,322411,81.5,81.54
45434,81.9,-0.98,-0.011824324,82.58,81.57,82.63,347596,81.68,81.74
45433,82.88,-0.83,-0.009915183,83.75,82.04,83.76,388556,82.53,82.55
45432,83.71,-0.27,-0.003215051,83.98,83.11,84.49,299828,83.66,83.72
45429,83.98,0.71,0.00852648,83.43,83.08,84.04,277184,83.87,83.97
45428,83.27,0.52,0.006283988,83.03,82.31,83.78,305714,83.41,83.44
45427,82.75,0.37,0.004491381,82.76,81.05,83.07,385983,82.89,82.91
45426,82.38,-0.98,-0.011756238,83.41,82.1,83.62,333574,82.73,82.82
45425,83.36,0.57,0.006884889,82.78,82.26,83.84,331784,83.4,83.46
45422,82.79,-1.09,-0.012994754,84.21,82.7,84.53,311453,82.78,82.85
45421,83.88,0.3,0.003589375,83.79,83.45,84.33,309448,84.13,84.16
45420,83.58,0.42,0.005050505,83.02,81.71,83.82,395430,83.72,83.77
45419,83.16,-0.17,-0.002040082,83.72,82.41,83.88,365212,82.98,83
45418,83.33,0.37,0.004459981,82.99,82.77,83.83,222392,83.58,83.61
45415,82.96,-0.71,-0.008485718,83.9,82.78,84.39,335565,82.78,82.79
45414,83.67,0.23,0.002756472,83.59,83.05,84.44,392637,83.69,83.73
45413,83.44,-4.42,-0.050307307,85.8,83.29,85.89,482834,83.57,83.63
45412,87.86,-0.54,-0.006108597,88.41,87.46,88.79,14191,87.87,87.9
45411,88.4,-1.1,-0.012290503,89.22,88.11,89.29,99952,88.52,88.53
45408,89.5,0.49,0.005504999,89.23,88.78,89.83,113700,89.31,89.39
45407,89.01,0.99,0.011247444,87.89,87.31,89.31,241354,89.25,89.31
45406,88.02,-0.4,-0.004523863,88.45,87.65,88.86,241644,88.07,88.11
45405,88.42,1.42,0.016321839,87.2,86.03,88.51,341782,88.44,88.45
45404,87,-0.29,-0.003322259,87.07,85.79,87.26,372125,87.15,87.21
45401,87.29,0.18,0.002066353,87.04,86.19,90.75,499709,87.38,87.39
45400,87.11,-0.18,-0.002062092,87.42,86.09,87.8,433240,86.9,86.94
45399,87.29,-2.73,-0.030326594,90.11,87.13,90.17,462933,87.43,87.44
45398,90.02,-0.08,-0.000887902,90.43,89.41,90.84,323523,90.04,90.1
45397,90.1,-0.35,-0.003869541,90.95,88.73,91.05,410360,90.39,90.41
45394,90.45,0.71,0.007911745,90.13,90.01,92.18,401215,90.14,90.16
45393,89.74,-0.74,-0.008178603,90.52,89.38,90.92,377533,90.19,90.2
45392,90.48,1.06,0.011854171,89.55,88.83,90.71,371230,90.64,90.67
45391,89.42,-0.96,-0.010621819,90.63,89.25,90.94,346434,89.56,89.59
45390,90.38,-0.79,-0.008665131,90.09,88.78,91.1,392338,90.6,90.62
45387,91.17,0.52,0.005736349,91.21,90.57,91.91,390775,90.86,90.92
45386,90.65,1.3,0.014549524,89.48,88.72,91.3,390949,91.08,91.12
45385,89.35,0.43,0.004835807,89.22,88.67,89.99,367368,89.52,89.57
45384,88.92,1.5,0.017158545,87.62,87.62,89.32,427936,89.21,89.29
45383,87.42,-0.06,-0.000685871,86.98,86.4,87.98,274955,87.76,87.83
45379,87.48,1.39,0.016145894,86.41,86.3,87.52,18685,87.47,87.5
45378,86.09,-0.16,-0.001855072,85.86,85.17,86.39,96507,86.36,86.39
45377,86.25,-0.5,-0.005763689,86.81,85.8,87.06,126815,85.86,85.93
45376,86.75,1.32,0.015451247,85.5,85.4,87.17,175000,86.67,86.73
45373,85.43,-0.35,-0.004080205,85.66,85.11,86.15,168348,85.51,85.64
45372,85.78,-0.17,-0.001977894,86.24,85.06,86.64,271872,85.58,85.6
45371,85.95,-1.43,-0.016365301,87.15,85.59,87.35,386301,86.12,86.19
45370,87.38,0.49,0.005639314,86.94,86.48,87.7,367418,87.21,87.24
45369,86.89,1.55,0.018162644,85.32,85.25,87.18,390067,86.89,86.91
45366,85.34,-0.08,-0.000936549,85.15,84.6,85.55,287008,85.34,85.35
45365,85.42,1.39,0.016541711,84.04,83.98,85.69,383733,85.11,85.13
45364,84.03,2.11,0.025756836,82.45,81.96,84.24,391687,83.95,83.98
45363,81.92,-0.29,-0.003527551,82.45,81.69,83.01,320254,82.32,82.36
45362,82.21,0.13,0.001583821,82,81.08,82.75,347327,82.44,82.49
45359,82.08,-0.88,-0.010607522,83.18,81.71,83.84,320299,81.87,82.05
45358,82.96,0,0,82.92,82.07,83.53,374565,83.35,83.45
45357,82.96,0.92,0.011214042,82.01,81.85,84.05,372050,82.91,82.92
45356,82.04,-0.76,-0.009178744,82.74,81.72,83.14,450397,82.01,82.1
45355,82.8,-0.75,-0.008976661,83.5,82.57,84.08,369831,82.82,82.87
45352,83.55,-0.07,-0.00083712,82.07,81.81,84.34,402472,83.44,83.45
45351,83.62,-0.06,-0.000717017,83.23,83.05,83.9,16337,83.59,83.6
45350,83.68,0.03,0.000358637,83.3,82.6,84.31,107854,83.31,83.38
45349,83.65,1.12,0.013570823,82.64,82.1,83.7,79807,83.18,83.23
45348,82.53,0.91,0.011149228,81.41,81,83.07,180341,82.54,82.6
45345,81.62,-2.05,-0.024501016,83.39,81.43,83.48,226400,81.58,81.6
45344,83.67,0.64,0.007708057,83.2,82.33,83.96,275284,83.41,83.45
45343,83.03,0.69,0.008379888,82.5,81.66,83.17,305182,83.14,83.16
45342,82.34,-1.22,-0.014600287,83.24,82.05,83.63,297026,82.5,82.57
45341,83.56,0.09,0.001078232,83.28,82.55,83.6,185058,83.34,83.43
45338,83.47,0.61,0.007361815,82.79,81.89,83.66,337055,83.5,83.59
45337,82.86,1.26,0.015441176,81.42,80.72,83.25,330451,82.76,82.85
45336,81.6,-1.17,-0.014135556,82.6,81.39,83.6,344360,81.43,81.44
45335,82.77,0.77,0.009390244,82,81.96,83.24,331801,82.61,82.68
45334,82,-0.19,-0.002311717,81.94,80.77,82.19,246238,82.05,82.08
45331,82.19,0.56,0.006860223,81.72,81.21,82.45,315322,81.85,81.98
45330,81.63,2.42,0.030551698,79.3,79.03,81.9,436501,81.74,81.75
45329,79.21,0.62,0.007889044,78.7,78.49,79.5,291684,79.41,79.43
45328,78.59,0.6,0.007693294,77.95,77.63,79.08,305614,78.75,78.78
45327,77.99,0.66,0.008534851,77.9,76.62,78.33,293369,77.92,77.93
45324,77.33,-1.37,-0.017407878,79.15,76.85,79.44,411746,77.4,77.68
45323,78.7,-3.01,-0.036837596,80.57,78.57,81.55,525769,78.83,78.89
45322,81.71,-1.16,-0.013997828,82.94,81.59,82.94,14379,81.72,81.75
45321,82.87,0.47,0.005703883,82.62,81.34,83.3,89312,82.74,82.81
45320,82.4,-1.15,-0.013764213,84.13,82.03,84.8,129910,82.51,82.59
45317,83.55,1.12,0.013587286,82.44,81.31,83.81,240245,83.63,83.7
45316,82.43,2.39,0.02986007,80.31,80.06,82.57,248177,82.32,82.36
45315,80.04,0.49,0.006159648,79.56,79.05,80.73,230749,80.23,80.29
45314,79.55,-0.51,-0.006370222,79.92,78.7,80.43,331098,79.73,79.76
45313,80.06,1.5,0.019093686,78.89,77.81,80.55,319709,79.85,79.89
45310,78.56,-0.54,-0.006826802,79.1,78.32,79.73,282310,78.6,78.63
45309,79.1,1.22,0.015665126,78.15,77.33,79.3,325286,78.94,78.96
45308,77.88,-0.41,-0.00523694,77.77,76.5,78.19,355399,78.08,78.11
45307,78.29,0.14,0.001791427,78.43,77.6,79.4,298548,77.9,77.96
45306,78.15,-0.14,-0.001788223,78.14,76.85,78.9,177690,78.54,78.64
45303,78.29,0.88,0.01136804,78.75,77.96,80.75,401343,78.32,78.39
45302,77.41,0.61,0.007942708,76.7,76.66,79.1,396767,78.47,78.51
45301,76.8,-0.79,-0.010181724,77.48,76.38,78.73,353703,76.76,76.78
45300,77.59,1.47,0.019311613,76.3,75.95,78.19,346788,77.49,77.5
45299,76.12,-2.64,-0.033519553,78.7,75.26,78.95,342629,76.2,76.27
45296,78.76,1.17,0.015079263,77.71,77.66,79.26,291002,78.9,78.94
45295,77.59,-0.66,-0.008434505,78.56,76.5,79.41,356646,77.69,77.74
45294,78.25,2.36,0.031097641,76.06,74.79,78.67,361765,78.44,78.45
45293,75.89,-1.15,-0.01492731,77.39,75.6,79.06,338351,76.03,76.1
45289,77.04,-1.35,-0.017221584,77.38,76.73,77.98,192949,77.06,77.08
45288,78.39,-1.26,-0.015819209,79.8,78.25,79.95,18782,78.4,78.41
45287,79.65,-1.42,-0.017515727,80.79,79.29,81.33,70385,79.35,79.5
45286,81.07,2,0.025294043,79.04,78.76,81.72,59735,80.83,80.92
45282,79.07,-0.32,-0.004030734,79.35,78.88,80.37,119189,79.18,79.2
45281,79.39,-0.31,-0.003889586,79,77.81,80.13,193324,79.34,79.38
45280,79.7,0.47,0.005932096,79.17,79.07,80.6,241813,79.15,79.17
45279,79.23,1.28,0.016420783,78.06,77.41,79.67,214683,79.27,79.31
45278,77.95,1.4,0.0182887,76.8,75.76,79.51,279466,77.96,78.03
45275,76.55,-0.06,-0.000783188,76.66,75.29,77.23,223092,76.92,76.98
45274,76.61,2.35,0.03164557,74.76,74.44,77.35,257518,76.61,76.64
45273,74.26,1.02,0.013926816,73.26,72.29,74.7,260182,74.6,74.62
45272,73.24,-2.79,-0.036696041,76.17,72.86,76.66,310086,73.31,73.34
45271,76.03,0.19,0.002505274,75.73,75.01,76.5,212755,76.08,76.12
45268,75.84,1.79,0.024172856,74.59,74.2,76.36,228452,75.65,75.78
45267,74.05,-0.25,-0.003364738,74.5,73.6,75.48,297940,74.54,74.58
45266,74.3,-2.9,-0.037564767,77.12,74.11,77.65,385398,74.27,74.32
45265,77.2,-0.83,-0.010636935,78.1,77,79.09,352886,77,77.02
45264,78.03,-0.85,-0.010775862,79.5,77.52,79.72,388378,78.2,78.26
45261,78.88,-3.95,-0.047688036,80.67,78.75,81.54,350252,79.53,79.64
45260,82.83,-0.27,-0.003249097,82.78,82.58,84.75,15082,82.81,82.85
45259,83.1,1.42,0.017384917,81.91,80.96,83.25,98236,82.91,82.98
45258,81.68,1.7,0.021255314,80.19,79.8,82.16,112496,81.68,81.77
45257,79.98,-0.6,-0.007446016,80.4,79.13,81.17,157356,80.08,80.12
45254,80.58,-0.84,-0.010316875,81.4,80.13,82.2,114142,80.21,80.24
45253,81.42,-0.54,-0.00658858,81.6,80.19,81.63,108324,81.24,81.27
45252,81.96,-0.49,-0.005942996,82.47,78.41,82.65,367184,81.65,81.73
45251,82.45,0.13,0.001579203,82.13,81.43,82.54,238513,82.39,82.43
45250,82.32,1.71,0.021213249,80.3,79.58,82.94,248325,82.03,82.04
45247,80.61,3.19,0.041203823,77.55,77.28,80.81,340026,80.5,80.63
45246,77.42,-3.76,-0.046316827,80.98,76.6,81.17,441641,77.45,77.51
45245,81.18,-1.29,-0.015642052,82.39,80.79,83.04,299421,81.06,81.09
45244,82.47,-0.05,-0.000605914,82.71,82.06,83.97,248936,82.36,82.39
45243,82.52,1.09,0.01338573,81.43,80.41,82.84,243297,82.69,82.71
45240,81.43,1.42,0.017747782,79.85,79.79,82.06,249548,81.61,81.7
45239,80.01,0.47,0.005908977,79.7,79.44,81.48,306111,79.86,79.9
45238,79.54,-2.07,-0.025364539,81.4,79.2,81.96,420696,79.74,79.82
45237,81.61,-3.57,-0.041911247,85.15,81.4,85.19,402762,81.41,81.45
45236,85.18,0.29,0.003416186,85.55,84.88,86.46,239234,85.14,85.21
45233,84.89,-1.96,-0.022567645,86.92,84.56,87.8,354853,85.16,85.23
45232,86.85,2.22,0.026231833,85,84.64,87.05,301873,86.96,86.97
45231,84.63,-2.78,-0.031804141,85.45,84.58,87.24,321661,84.86,84.92
45230,87.41,-0.04,-0.000457404,87.9,87.4,88.61,13681,87.42,87.44
45229,87.45,-3.03,-0.033488064,90.07,87.2,90.15,99039,87.86,87.91
45226,90.48,2.55,0.029000341,88.4,87.83,90.75,109144,90.37,90.47
45225,87.93,-2.2,-0.024409187,89.92,87.53,90.4,198635,88.2,88.33
45224,90.13,2.06,0.023390485,88.04,86.68,90.35,290909,90.1,90.16
45223,88.07,-1.76,-0.019592564,90.47,87.35,90.68,304124,88.03,88.12
45222,89.83,-2.33,-0.025282118,92.11,89.62,92.45,282444,90.49,90.5
45219,92.16,-0.22,-0.002381468,93.23,91.66,93.79,272722,92.44,92.57
45218,92.38,0.88,0.009617486,91.35,89.57,93.48,308996,92.96,93.06
45217,91.5,1.6,0.017797553,91.25,90.6,93,348193,91.36,91.41
45216,89.9,0.25,0.002788622,89.91,88.88,91,252831,90.9,90.93
45215,89.65,-1.24,-0.013642865,90.98,89.5,91.39,283247,90.15,90.17
45212,90.89,4.89,0.056860465,86.35,86.28,91,424714,90.78,90.8
45211,86,0.18,0.002097413,85.53,85.18,87.64,370439,86.26,86.3
45210,85.82,-1.83,-0.020878494,87.72,85.21,88.26,402309,85.51,85.55
45209,87.65,-0.5,-0.00567215,88.17,86.91,88.49,352111,87.65,87.72
45208,88.15,3.57,0.04220856,86.45,86,89,412757,88.25,88.31
45205,84.58,0.51,0.006066373,84.49,83.44,84.95,424456,84.35,84.51
45204,84.07,-1.74,-0.020277357,85.88,83.84,86.52,510684,84.18,84.24
45203,85.81,-5.11,-0.056203256,91.04,85.75,91.21,525561,86.01,86.09
45202,90.92,0.21,0.00231507,90.4,89.5,91.56,437642,91.06,91.11
45201,90.71,-4.6,-0.048263561,92.18,90.35,93.33,423483,90.45,90.49
45198,95.31,-0.07,-0.000733906,95.07,94.9,96.26,12840,95.24,95.34
45197,95.38,-1.17,-0.012118074,96.74,94.76,97.69,91448,95.18,95.29
45196,96.55,2.59,0.027564921,94.12,94.1,97.06,146716,96.62,96.7
45195,93.96,0.67,0.007181906,93.28,91.8,94.21,169453,94.05,94.11
45194,93.29,0.02,0.000214431,93.75,92.54,94.25,177617,93.34,93.4
45191,93.27,-0.03,-0.000321543,93.37,92.8,94.64,240036,93.73,93.79
45190,93.3,-0.23,-0.002459104,93.08,92.2,94.6,314693,93.23,93.26
45189,93.53,-0.81,-0.008585966,94.49,92.76,94.72,330592,93.19,93.2
45188,94.34,-0.09,-0.000953087,94.66,94.16,95.96,403396,94.38,94.4
45187,94.43,0.5,0.005323113,94.28,93.79,94.95,337777,94.56,94.57
45184,93.93,0.23,0.002454642,94.02,92.67,94.63,316895,94.02,94.27
45183,93.7,1.82,0.019808446,92.04,92.02,94.21,310000,94.11,94.19
45182,91.88,-0.18,-0.001955247,92.04,91.63,92.84,302747,92.18,92.23
45181,92.06,1.42,0.015666372,90.62,90.52,92.4,336574,91.94,91.96
45180,90.64,-0.01,-0.000110314,90.83,90.11,91.45,303424,90.61,90.63
45177,90.65,0.73,0.008118327,89.79,89.3,91.02,298139,90.43,90.61
45176,89.92,-0.68,-0.007505519,90.81,89.46,90.89,213017,89.76,89.79
45175,90.6,0.56,0.006219458,90.12,89.25,91.1,282913,90.61,90.63
45174,90.04,1.04,0.011685393,88.91,88.06,91.15,428448,90.04,90.06
45173,89,0.45,0.005081875,88.95,88.26,89.22,140669,88.98,89
45170,88.55,1.69,0.019456597,86.82,86.74,88.99,380759,88.85,89
45169,86.86,1,0.011646867,86,85.74,86.94,11272,86.75,86.9
45168,85.86,0.37,0.004327992,85.62,85.11,86.23,86742,85.9,85.96
45167,85.49,1.07,0.012674722,84.39,83.8,85.65,115357,85.47,85.53
45166,84.42,-0.06,-0.000710227,84.87,84.11,85.23,88354,84.36,84.42
45163,84.48,1.12,0.013435701,83.26,82.67,84.97,230346,84.78,84.9
45162,83.36,0.15,0.001802668,82.95,81.97,83.62,253841,83.19,83.21
45161,83.21,-0.82,-0.00975842,83.99,81.94,84.26,361614,83,83.07
45160,84.03,-0.43,-0.005091167,84.46,83.85,84.66,287351,83.88,83.91
45159,84.46,-0.34,-0.004009434,84.8,84.31,85.86,289239,84.55,84.6
45156,84.8,0.68,0.00808369,83.88,83.33,85.08,287965,84.75,84.97
45155,84.12,0.67,0.00802876,83.2,83.05,84.88,305577,83.85,83.91
45154,83.45,-1.44,-0.016963129,85.2,83.13,85.36,334451,83.33,83.39
45153,84.89,-1.32,-0.015311449,86.12,84.29,86.68,305414,85,85.09
45152,86.21,-0.6,-0.006911646,86.53,85.5,86.71,267094,86.22,86.24
45149,86.81,0.41,0.00474537,86.37,85.84,87.35,318060,86.7,86.73
45148,86.4,-1.15,-0.013135351,87.39,86.2,88.1,337572,86.31,86.35
45147,87.55,1.38,0.016014854,86,85.91,87.65,388299,87.46,87.51
45146,86.17,0.83,0.009725803,85.79,83.32,86.34,375869,86.12,86.19
45145,85.34,-0.9,-0.010435993,86.23,85.03,86.73,259619,85.88,85.91
45142,86.24,1.1,0.012919897,85.31,85.06,86.65,268747,86.02,86.1
45141,85.14,1.94,0.023317308,83.46,82.36,85.41,392606,85.21,85.26
45140,83.2,-1.71,-0.020138971,85.86,82.74,85.99,399189,83.38,83.43
45139,84.91,-0.65,-0.007597008,85.24,84.21,85.91,297771,85.67,85.83
45138,85.56,0.57,0.006706671,84.95,84.4,85.8,16527,85.55,85.57
45135,84.99,0.75,0.008903134,83.71,83.22,85.09,102835,84.78,84.99
45134,84.24,1.32,0.015918958,82.93,82.93,84.5,110646,83.81,83.89
45133,82.92,-0.72,-0.008608321,83.19,82.58,83.85,173824,82.88,82.96
45132,83.64,0.9,0.010877447,82.85,82.22,83.87,234661,83.19,83.34
45131,82.74,1.67,0.020599482,80.95,80.42,83.16,295103,82.75,82.8
45128,81.07,1.43,0.017955801,79.78,79.65,81.24,294345,80.86,80.92
45127,79.64,0.18,0.002265291,79.33,78.66,80.27,236409,,
45126,79.46,-0.17,-0.002134874,79.84,79.17,80.93,311439,79.53,79.56
45125,79.63,1.13,0.014394904,78.52,78.19,79.99,366473,79.82,79.85
45124,78.5,-1.37,-0.017152873,79.36,78.25,80.64,341159,78.56,78.57
45121,79.87,-1.49,-0.018313668,81.64,79.53,81.7,311226,79.62,79.76
45120,81.36,1.25,0.015603545,80.19,79.88,81.75,416119,81.51,81.54
45119,80.11,0.71,0.008942065,79.32,79.21,80.55,362333,80.14,80.2
45118,79.4,1.71,0.022010555,77.82,77.63,79.5,333835,79.32,79.36
45117,77.69,-0.78,-0.009940104,78.6,77.36,78.77,288399,77.79,77.84
45114,78.47,1.95,0.025483534,76.52,76.03,78.54,331526,78.1,78.2
45113,76.52,-0.13,-0.001696021,76.7,75.03,77.09,333875,,
45112,76.65,0.4,0.005245902,76.03,75.3,76.95,293737,76.49,76.55
45111,76.25,1.6,0.021433356,74.89,74.74,76.29,157957,76.1,76.12
45110,74.65,-0.25,-0.003337784,75.11,74.56,76.6,327995,74.92,74.97
45107,74.9,0.56,0.007532957,74.22,74.21,75.4,14703,74.91,74.94
45106,74.34,0.31,0.004187492,73.72,73.39,74.98,72873,74.25,74.33
45105,74.03,1.77,0.02449488,72.62,71.57,74.2,91453,73.6,73.65
45104,72.26,-1.92,-0.025882987,74.28,72.08,74.9,161145,72.52,72.63
45103,74.18,0.33,0.004468517,74.5,73.42,74.85,150173,74.26,74.32
45100,73.85,-0.29,-0.003911519,74.02,72.11,74.44,169542,74.28,74.45
45099,74.14,-2.98,-0.038641079,77.03,73.59,77.2,329526,74.23,74.24
45098,77.12,1.22,0.016073781,75.54,75.52,77.24,236547,76.98,77.02
45097,75.9,-0.19,-0.002497043,76.12,74.51,77.15,276378,75.42,75.5
45096,76.09,-0.52,-0.006787626,76.4,75.34,76.93,141417,76.11,76.12
45093,76.61,0.94,0.01242236,75.64,75.08,76.74,256247,76.26,76.35
45092,75.67,2.47,0.033743169,73.41,72.91,75.97,260413,75.61,75.65
45091,73.2,-1.09,-0.01467223,74.05,73.03,75.49,318373,73.61,73.63
45090,74.29,2.45,0.034103563,72.11,71.94,74.66,321151,74.19,74.22
45089,71.84,-2.95,-0.039443776,74.87,71.58,74.87,358501,72.05,72.13
45086,74.79,-1.17,-0.015402844,75.53,74.71,76.57,260198,75,75.04
45085,75.96,-0.99,-0.012865497,76.8,73.58,77.68,393894,75.51,75.6
45084,76.95,0.66,0.008651199,76.22,75.51,77.64,325628,76.78,76.84
45083,76.29,-0.42,-0.005475166,76.55,74.72,76.75,304579,76.12,76.14
45082,76.71,0.58,0.007618547,77.68,76.31,78.73,384000,76.57,76.6
45079,76.13,1.85,0.024905762,74.28,74.18,76.5,273536,76.2,76.41
45078,74.28,1.62,0.022295623,72.15,72.03,75.25,349919,74.29,74.32
45077,72.66,-0.88,-0.011966277,73.6,71.39,73.81,20107,72.65,72.71
45076,73.54,-3.53,-0.045802517,76.98,73.2,77.57,112177,73.59,73.75
45075,77.07,0.12,0.001559454,77.39,76.15,77.75,31546,77.02,77.04
45072,76.95,0.69,0.009047994,76.09,75.73,77.35,150623,77.12,77.17
45071,76.26,-2.1,-0.026799387,78.22,75.1,78.5,237720,76.21,76.23
45070,78.36,1.52,0.019781364,77.7,77.03,78.66,285991,78.33,78.36
45069,76.84,0.85,0.011185682,76.15,75.65,77.74,287230,77.5,77.61
45068,75.99,0.41,0.005424716,75.63,74.55,76.46,241964,75.94,75.96
45065,75.58,-0.28,-0.00369101,76.03,75.12,77.5,240530,75.59,75.8
45064,75.86,-1.1,-0.014293139,76.78,75.5,76.99,232004,75.87,76.05
45063,76.96,2.05,0.027366173,74.67,74.1,77.31,297062,76.75,76.81
45062,74.91,-0.32,-0.004253622,75.55,74.5,75.95,216202,74.7,74.76
45061,75.23,1.06,0.014291493,74.15,73.49,75.75,240518,75.53,75.56
45058,74.17,-0.81,-0.010802881,75.35,74.03,75.85,259217,74.17,74.24
45057,74.98,-1.43,-0.018714828,76.62,74.61,77.41,345164,75.42,75.46
45056,76.41,-1.03,-0.01330062,77.36,75.68,77.6,311373,76.56,76.59
45055,77.44,0.43,0.00558369,76.71,75.07,77.5,283410,77.27,77.28
45054,77.01,1.71,0.022709163,75.23,74.95,77.43,185745,76.59,76.62
45051,75.3,2.8,0.03862069,72.69,72.41,75.75,265072,75.35,75.48
45050,72.5,0.17,0.002350339,71.28,71.28,73.72,362233,72.53,72.55
45049,72.33,-2.99,-0.039697292,75.31,71.7,75.58,469620,71.9,71.93
45048,75.32,-3.99,-0.050308914,79.28,75.07,79.78,383586,75.2,75.23
45047,79.31,-0.23,-0.002891627,80.11,78.13,80.24,146564,79.36,79.41
45044,79.54,1.17,0.014929182,78.25,77.69,79.61,13303,79.51,79.55
45043,78.37,0.68,0.008752735,77.77,77.39,78.61,104388,78.29,78.38
45042,77.69,-3.08,-0.03813297,80.92,77.46,81.47,172821,77.77,77.82
45041,80.77,-1.96,-0.023691527,82.59,80.35,83.06,209279,80.73,80.78
45040,82.73,1.07,0.01310311,81.87,80.48,82.99,197899,82.57,82.64
45037,81.66,0.56,0.006905055,80.79,80.45,82.05,196854,81.75,81.88
45036,81.1,-2.02,-0.024302214,82.75,80.77,82.92,302902,80.79,80.83
45035,83.12,-1.65,-0.019464433,84.9,82.39,85.15,333215,82.85,82.88
45034,84.77,0.01,0.00011798,84.74,83.81,85.41,315698,84.84,84.89
45033,84.76,-1.55,-0.017958522,86.43,84.34,86.52,261810,84.83,84.86
45030,86.31,0.22,0.002555465,86.18,85.53,86.87,262578,86.48,86.63
45029,86.09,-1.24,-0.014199015,87.19,86.05,87.47,291944,86.28,86.31
45028,87.33,1.72,0.020091111,85.59,85.39,87.49,347797,87.2,87.23
45027,85.61,1.43,0.016987408,84.24,83.75,85.67,262666,85.54,85.62
45026,84.18,-0.94,-0.011043233,85.1,84.09,85.66,140529,84.24,84.32
45022,85.12,0.13,0.001529592,84.89,84.05,85.45,259617,84.77,84.95
45021,84.99,0.05,0.000588651,85.22,84.01,85.54,246479,84.81,84.88
45020,84.94,0.01,0.000117744,84.89,83.82,86.04,308533,85.23,85.26
45019,84.93,5.16,0.064685972,86,83.5,86.44,478307,84.82,84.88
45016,79.77,0.5,0.006307556,79.19,78.54,79.8,6853,79.74,79.77
45015,79.27,0.99,0.012646909,78.23,77.86,79.55,62922,79.2,79.3
45014,78.28,-0.37,-0.004704387,78.97,77.94,79.68,79541,78.27,78.29
45013,78.65,0.53,0.006784434,78.23,77.54,79.2,145681,78.88,78.92
45012,78.12,3.13,0.041738899,75,74.8,78.42,146945,78.11,78.18
45009,74.99,-0.92,-0.012119615,75.53,72.68,76.32,156306,74.96,74.97
45008,75.91,-0.78,-0.010170818,75.87,75.12,77.44,199644,75.56,75.63
45007,76.69,1.37,0.01818906,75.15,74.5,77.12,194042,75.79,75.8
45006,75.32,1.53,0.020734517,73.64,72.82,75.42,226837,75.07,75.15
45005,73.79,0.82,0.011237495,73.01,70.12,73.87,282569,73.77,73.84
45002,72.97,-1.73,-0.023159304,74.7,71.4,75.92,427490,72.47,72.71
45001,74.7,1.01,0.013706066,74.3,71.86,75.54,332586,74.66,74.71
45000,73.69,-3.76,-0.04854745,77.82,71.67,78.73,547561,74.31,74.34
44999,77.45,-3.32,-0.04110437,80.54,76.89,80.92,357862,77.6,77.64
44998,80.77,-2.01,-0.024281227,82.6,78.34,83.48,467281,80.67,80.77
44995,82.78,1.19,0.014585121,81.47,80.73,83.11,369281,82.64,82.79
44994,81.59,-1.07,-0.012944592,82.55,81.42,84,282564,81.53,81.56
44993,82.66,-0.63,-0.007563933,83.03,82.06,83.59,297087,82.47,82.52
44992,83.29,-2.89,-0.033534463,86.23,82.83,86.75,295188,83.08,83.1
44991,86.18,0.35,0.004077828,85.83,84.34,86.35,244340,86.25,86.27
44988,85.83,1.08,0.012743363,84.61,82.36,86,312895,85.99,86
44987,84.75,0.44,0.005218835,84.31,83.83,85.1,214215,84.32,84.43
44986,84.31,0.42,0.005006556,83.05,82.61,84.49,242656,84.35,84.45
44985,83.89,1.44,0.01746513,82.3,82.19,84.15,12300,83.87,83.9
44984,82.45,-0.71,-0.008537759,83.19,81.73,83.6,58845,82.36,82.52
44981,83.16,0.95,0.011555772,82.49,81.07,83.39,107150,83.18,83.22
44980,82.21,1.61,0.019975186,80.48,80.4,82.77,157669,82.43,82.45
44979,80.6,-2.45,-0.029500301,82.78,80.43,83.25,253144,80.46,80.51
44978,83.05,-1.02,-0.012132747,83.86,82.56,84.2,231628,82.74,82.77
